1,4,6,7,46
1,4,10,20,21,22,46
1,4,6,7,46
0,4,10,14,15,38,39,46
1,4,6,7,46
1,4,6,7,46
1,4,6,7,46
1,4,6,7,46
1,4,6,7,46
0,4,10,11,12,38,39,46
0,4,10,11,12,14,15,29,30,46
0,4,10,14,15,38,39,46
1,4,10,14,15,38,39,46
1,4,10,20,21,22,46
1,4,6,7,46
1,4,6,7,46
1,4,10,14,15,42,46
0,4,10,11,12,14,15,29,30,46
1,4,10,14,15,42,46
1,4,6,7,46
1,4,6,7,46
0,4,10,11,12,35,36,46
1,4,10,20,21,22,46
1,4,10,20,25,46
1,4,6,7,46
1,4,6,7,46
1,4,6,7,46
1,4,10,20,21,22,46
0,4,10,11,12,14,15,29,30,46
1,4,6,7,46
1,4,10,20,21,22,46
1,4,10,14,15,42,46
1,4,6,7,46
1,4,10,14,15,42,46
1,4,10,14,15,42,46
1,4,10,14,15,42,46
1,4,10,20,21,22,46
1,4,10,14,15,38,39,46
0,4,10,11,12,14,15,17,18,29,30,46
1,4,6,7,46
0,4,10,14,15,38,39,46
1,4,10,14,15,42,46
0,4,10,14,15,38,39,46
1,4,6,7,46
1,4,6,7,46
1,4,10,20,21,22,46
0,4,10,11,12,14,15,29,30,46
0,4,10,14,15,38,39,46
1,4,10,14,15,42,46
1,4,10,20,25,46
1,4,6,7,46
0,4,10,14,15,17,18,29,30,46
0,4,10,14,15,38,39,46
1,4,10,14,15,38,39,46
1,4,10,14,15,38,39,46
0,4,10,14,15,38,39,46
1,4,6,7,46
1,4,6,7,46
0,4,10,14,15,38,39,46
0,4,10,14,15,38,39,46
1,4,10,14,15,42,46
1,4,6,7,46
1,4,10,14,15,42,46
1,4,10,14,15,38,39,46
1,4,10,14,15,38,39,46
1,4,10,20,21,22,46
1,4,10,20,25,46
0,4,10,11,12,14,15,29,30,46
0,4,10,11,12,14,15,29,30,46
1,4,10,20,25,46
1,4,6,7,46
1,4,10,14,15,42,46
1,4,6,7,46
1,4,6,7,46
1,4,10,14,15,38,39,46
1,4,10,20,25,46
0,4,10,14,15,38,39,46
1,4,6,7,46
1,4,10,14,15,42,46
1,4,10,20,25,46
1,4,10,20,21,22,46
1,4,10,20,21,22,46
1,4,10,14,15,42,46
1,4,6,7,46
1,4,10,20,21,22,46
1,4,10,20,21,22,46
1,4,10,14,15,38,39,46
0,4,10,14,15,38,39,46
1,4,10,20,21,22,46
1,4,10,14,15,42,46
1,4,10,14,15,42,46
1,4,10,17,18,35,36,46
1,4,6,7,46
1,4,10,20,21,22,46
1,4,10,14,15,42,46
1,4,10,14,15,38,39,46
1,4,6,7,46
1,4,10,14,15,42,46
0,4,10,14,15,17,18,29,30,46
1,4,10,14,15,38,39,46
0,4,10,11,12,29,30,46
0,4,10,14,15,17,18,29,30,46
0,4,10,11,12,29,30,46
1,4,6,7,46
1,4,10,20,21,22,46
1,4,10,20,25,46
0,4,10,14,15,17,18,29,30,46
1,4,10,14,15,42,46
1,4,6,7,46
1,4,6,7,46
1,4,6,7,46
1,4,10,14,15,42,46
1,4,10,14,15,42,46
1,4,6,7,46
1,4,10,17,18,35,36,46
0,4,10,11,12,29,30,46
1,4,6,7,46
0,4,10,14,15,38,39,46
0,4,10,14,15,38,39,46
1,4,10,20,25,46
1,4,10,20,21,22,46
1,4,6,7,46
0,4,10,14,15,38,39,46
1,4,10,20,21,22,46
1,4,10,20,25,46
1,4,6,7,46
1,4,6,7,46
1,4,6,7,46
1,4,10,20,25,46
1,4,10,14,15,42,46
1,4,10,20,21,22,46
1,4,10,20,21,22,46
1,4,10,20,21,22,46
1,4,10,20,21,22,46
1,4,10,20,25,46
0,4,10,11,12,14,15,29,30,46
1,4,6,7,46
1,4,10,14,15,42,46
1,4,10,20,21,22,46
0,4,10,14,15,38,39,46
1,4,6,7,46
1,4,10,20,21,22,46
1,4,10,20,25,46
0,4,10,14,15,38,39,46
1,4,10,20,25,46
1,4,10,14,15,38,39,46
1,4,10,14,15,42,46
1,4,10,14,15,42,46
1,4,10,14,15,38,39,46
1,4,6,7,46
1,4,10,14,15,42,46
0,4,10,11,12,35,36,46
0,4,10,14,15,38,39,46
1,4,10,20,25,46
0,4,10,14,15,38,39,46
0,4,10,14,15,38,39,46
1,4,10,14,15,38,39,46
1,4,10,14,15,42,46
1,4,6,7,46
1,4,6,7,46
1,4,10,14,15,42,46
1,4,6,7,46
1,4,10,20,21,22,46
1,4,10,17,18,35,36,46
1,4,10,20,21,22,46
1,4,10,20,25,46
0,4,10,11,12,14,15,29,30,46
0,4,10,11,12,14,15,29,30,46
0,4,10,11,12,14,15,29,30,46
0,4,10,14,15,38,39,46
1,4,10,14,15,42,46
0,4,10,14,15,38,39,46
0,4,10,14,15,38,39,46
1,4,10,14,15,38,39,46
1,4,6,7,46
1,4,6,7,46
0,4,10,14,15,38,39,46
1,4,10,14,15,38,39,46
1,4,6,7,46
1,4,6,7,46
0,4,10,14,15,17,18,29,30,46
1,4,10,20,21,22,46
1,4,6,7,46
0,4,10,11,12,38,39,46
0,4,10,14,15,38,39,46
0,4,10,14,15,17,18,29,30,46
1,4,6,7,46
1,4,10,11,12,35,36,46
1,4,10,20,21,22,46
1,4,6,7,46
1,4,10,20,25,46
1,4,6,7,46
1,4,10,14,15,42,46
0,4,10,11,12,29,30,46
1,4,6,7,46
1,4,6,7,46
1,4,10,14,15,42,46
1,4,6,7,46
1,4,6,7,46
1,4,10,20,25,46
1,4,6,7,46
1,4,10,20,25,46
1,4,10,20,25,46
0,4,10,11,12,14,15,17,18,29,30,46
1,4,6,7,46
0,4,10,14,15,17,18,29,30,46
0,4,10,11,12,14,15,29,30,46
0,4,10,14,15,17,18,29,30,46
1,4,6,7,46
1,4,10,20,21,22,46
1,4,6,7,46
0,4,10,14,15,38,39,46
1,4,6,7,46
1,4,10,14,15,42,46
1,4,6,7,46
1,4,6,7,46
1,4,10,14,15,42,46
1,4,10,14,15,38,39,46
1,4,10,17,18,35,36,46
0,4,10,14,15,17,18,29,30,46
1,4,10,20,25,46
0,4,10,11,12,29,30,46
0,4,10,14,15,38,39,46
0,4,10,14,15,38,39,46
1,4,10,17,18,35,36,46
1,4,10,14,15,42,46
1,4,6,7,46
1,4,6,7,46
1,4,10,17,18,35,36,46
1,4,10,20,21,22,46
1,4,10,14,15,38,39,46
1,4,10,17,18,35,36,46
1,4,6,7,46
1,4,6,7,46
1,4,6,7,46
1,4,6,7,46
0,4,10,14,15,38,39,46
1,4,10,20,21,22,46
1,4,10,14,15,42,46
1,4,10,20,25,46
0,4,10,14,15,38,39,46
1,4,10,20,25,46
0,4,10,11,12,29,30,46
1,4,6,7,46
1,4,10,20,21,22,46
0,4,10,11,12,38,39,46
1,4,10,20,21,22,46
1,4,10,20,21,22,46
1,4,10,20,21,22,46
0,4,10,14,15,38,39,46
1,4,10,14,15,42,46
0,4,10,14,15,38,39,46
0,4,10,14,15,38,39,46
1,4,10,20,21,22,46
1,4,6,7,46
1,4,10,14,15,42,46
1,4,10,20,21,22,46
1,4,10,17,18,35,36,46
1,4,6,7,46
1,4,10,17,18,35,36,46
1,4,6,7,46
1,4,10,17,18,35,36,46
0,4,10,14,15,38,39,46
1,4,10,20,25,46
1,4,10,14,15,42,46
1,4,6,7,46
0,4,10,14,15,38,39,46
1,4,10,14,15,38,39,46
0,4,10,11,12,35,36,46
0,4,10,14,15,38,39,46
1,4,10,20,21,22,46
0,4,10,14,15,17,18,29,30,46
1,4,6,7,46
1,4,10,20,25,46
0,4,10,14,15,38,39,46
1,4,6,7,46
0,4,10,14,15,38,39,46
1,4,6,7,46
0,4,10,14,15,38,39,46
0,4,10,14,15,17,18,29,30,46
0,4,10,11,12,14,15,29,30,46
1,4,10,20,21,22,46
0,4,10,14,15,38,39,46
1,4,10,20,25,46
1,4,10,20,21,22,46
1,4,6,7,46
1,4,10,20,21,22,46
1,4,6,7,46
1,4,10,14,15,42,46
1,4,10,20,25,46
0,4,10,14,15,38,39,46
0,4,10,14,15,38,39,46
1,4,6,7,46
1,4,10,14,15,42,46
0,4,10,14,15,38,39,46
1,4,10,14,15,42,46
1,4,10,20,21,22,46
1,4,6,7,46
1,4,10,14,15,42,46
0,4,10,14,15,38,39,46
1,4,10,20,21,22,46
0,4,10,14,15,17,18,29,30,46
1,4,6,7,46
1,4,6,7,46
0,4,10,14,15,38,39,46
1,4,6,7,46
0,4,10,14,15,17,18,29,30,46
1,4,6,7,46
0,4,10,11,12,38,39,46
1,4,6,7,46
0,4,10,11,12,14,15,29,30,46
1,4,10,14,15,42,46
1,4,10,14,15,38,39,46
1,4,10,14,15,38,39,46
1,4,10,20,21,22,46
0,4,10,14,15,38,39,46
1,4,10,20,21,22,46
1,4,10,14,15,42,46
0,4,10,14,15,38,39,46
0,4,10,14,15,17,18,29,30,46
1,4,10,14,15,42,46
0,4,10,14,15,38,39,46
0,4,10,11,12,35,36,46
1,4,10,14,15,42,46
0,4,10,14,15,17,18,29,30,46
0,4,10,14,15,38,39,46
0,4,10,14,15,38,39,46
1,4,10,20,21,22,46
1,4,10,20,21,22,46
1,4,10,20,21,22,46
1,4,10,17,18,35,36,46
1,4,6,7,46
0,4,10,14,15,38,39,46
1,4,10,20,25,46
1,4,6,7,46
1,4,6,7,46
1,4,6,7,46
0,4,10,14,15,17,18,29,30,46
1,4,10,20,21,22,46
1,4,10,14,15,42,46
1,4,6,7,46
0,4,10,14,15,38,39,46
0,4,10,14,15,38,39,46
1,4,6,7,46
1,4,10,14,15,38,39,46
1,4,10,14,15,42,46
0,4,10,14,15,38,39,46
0,4,10,14,15,38,39,46
1,4,10,14,15,42,46
1,4,10,20,21,22,46
0,4,10,14,15,38,39,46
0,4,10,14,15,38,39,46
1,4,6,7,46
0,4,10,14,15,38,39,46
1,4,10,14,15,38,39,46
1,4,6,7,46
1,4,10,20,25,46
0,4,10,11,12,14,15,29,30,46
1,4,10,14,15,42,46
1,4,10,20,25,46
1,4,10,20,21,22,46
1,4,10,20,21,22,46
1,4,10,20,25,46
1,4,10,14,15,38,39,46
0,4,10,11,12,29,30,46
0,4,10,11,12,29,30,46
0,4,10,11,12,14,15,29,30,46
1,4,10,14,15,38,39,46
1,4,10,20,25,46
0,4,10,14,15,38,39,46
1,4,6,7,46
1,4,6,7,46
1,4,10,20,21,22,46
1,4,6,7,46
1,4,10,20,21,22,46
1,4,10,14,15,38,39,46
1,4,6,7,46
1,4,10,14,15,42,46
1,4,10,20,25,46
1,4,6,7,46
0,4,10,14,15,17,18,29,30,46
1,4,10,14,15,42,46
1,4,10,20,25,46
0,4,10,14,15,38,39,46
0,4,10,11,12,35,36,46
0,4,10,14,15,17,18,29,30,46
1,4,6,7,46
1,4,10,20,25,46
1,4,6,7,46
0,4,10,11,12,14,15,29,30,46
0,4,10,11,12,14,15,29,30,46
1,4,6,7,46
0,4,10,14,15,38,39,46
1,4,6,7,46
1,4,10,14,15,42,46
1,4,10,20,21,22,46
1,4,6,7,46
1,4,10,20,21,22,46
1,4,10,20,21,22,46
1,4,10,20,21,22,46
